prompt_id,strategy,temperature,distinct_2,quality_score,text
0,greedy,1.0,0.0,-0.5515132546424866,
0,beam,1.0,1.0,-2.588649272918701,Your response should contain at least 3 bullet points. Use the markdown bullet points such as: * This is point 1.
0,top_k,0.2,0.0,-0.5515132546424866,
0,top_k,0.5,0.0,-0.5515132546424866,
0,top_k,0.8,0.9583333333333334,2.074622631072998,"One tip to stay healthy is to get enough sleep. Sleep is a crucial part of your overall health. Lack of sleep can lead to a weakened immune system, which in turn can contribute to a more serious condition like cancer. Aim for 7-9 hours of sleep each night."
0,top_k,1.0,0.0,-0.5515132546424866,
0,top_k,1.2,0.0,-0.5515132546424866,
0,top_p,0.2,0.0,-0.5515132546424866,
0,top_p,0.5,0.0,-0.5515132546424866,
0,top_p,0.8,0.0,-0.5515132546424866,
0,top_p,1.0,0.0,-0.5515132546424866,
0,top_p,1.2,0.8387096774193549,-2.9873106479644775,"Remember, the best way to start is with your body, and the best way to start is to pay attention to your gut and take action that will help your immune system."
1,greedy,1.0,0.0,-0.5515132546424866,
1,beam,1.0,0.0,-0.5515132546424866,
1,top_k,0.2,0.0,-0.5515132546424866,
1,top_k,0.5,0.0,-0.5515132546424866,
1,top_k,0.8,0.0,-0.5515132546424866,
1,top_k,1.0,0.0,-0.5515132546424866,
1,top_k,1.2,0.9795918367346939,-1.3842496871948242,"To achieve this painting, I used different techniques. Using a brush to manipulate color through subtle changes in opacity was instrumental. I used thick strokes to draw in the blues of the sky, creating a sense of depth and foreboding that draws the viewer in. The warm, earthy tones of"
1,top_p,0.2,0.0,-0.5515132546424866,
1,top_p,0.5,0.0,-0.5515132546424866,
1,top_p,0.8,0.0,-0.5515132546424866,
1,top_p,1.0,0.0,-0.5515132546424866,
1,top_p,1.2,0.0,-0.5515132546424866,
2,greedy,1.0,0.0,-0.5515132546424866,
2,beam,1.0,0.9375,-0.31818604469299316,"The structure of an atom can be broken down into two main parts: the nucleus and the electrons. The nucleus is the central part of the atom, surrounded by a cloud-like structure called the electron cloud. The electrons are negatively charged particles that orbit the nucleus.

The electrons are"
2,top_k,0.2,0.0,-0.5515132546424866,
2,top_k,0.5,0.9347826086956522,-0.725784420967102,"Also, consider the following:

* The number of electrons in an atom is crucial. Each electron has a unique orbitals, which are equal in number to the number of protons in the atom.
* Electrons are not evenly distributed throughout the atom. They occupy specific energy levels"
2,top_k,0.8,0.0,-0.5515132546424866,
2,top_k,1.0,0.0,-0.5515132546424866,
2,top_k,1.2,0.9387755102040817,-2.4892234802246094,"Discuss the intermolecular interactions within a substance that result in different compounds, solutions, or mixtures due to the varying chemical properties and interactions within the substance.
Describe the structural and kinetic properties of molecules found at the microscopic and nanoscale levels.
1) In thermodynamics, discuss the concepts related to the"
2,top_p,0.2,0.0,-0.5515132546424866,
2,top_p,0.5,0.0,-0.5515132546424866,
2,top_p,0.8,0.0,-0.5515132546424866,
2,top_p,1.0,1.0,-1.0717343091964722,"4. Determine the bond types between atoms (polar or non-polar).
5. Identify the position of each electron in the atom (electronegativity and nuclear charge).
6. Classify atoms according to their electronic configuration, arrangement of electrons, and magnetic behavior.
7."
2,top_p,1.2,0.0,-0.5515132546424866,
3,greedy,1.0,0.0,-0.5515132546424866,
3,beam,1.0,0.0,-0.5515132546424866,
3,top_k,0.2,0.0,-0.5515132546424866,
3,top_k,0.5,0.0,-0.5515132546424866,
3,top_k,0.8,1.0,-0.35509195923805237,"Options that reduce air pollution are more effective approaches. For instance, green buildings, such as those using low-VOC paints, can provide additional benefits, including reduced energy consumption, lower energy costs, and improved indoor air quality. Additionally, incorporating green roofs and walls into urban environments can create"
3,top_k,1.0,1.0,-1.8722994327545166,"This question is an interesting one, as it touches upon the broader theme of our shared struggles to protect the environment for future generations. On one hand, reducing the use of fossil fuels, transitioning to renewable energy sources, and implementing more sustainable land use practices could have a significant impact. However,"
3,top_k,1.2,1.0,-3.271024227142334,"Air conditioning, by itself, has yet to play a significant role in major cities to become more efficient, as there is no large amount of energy used to run it. But, if they are utilized as part and parcel with new buildings to provide cool air for the living area, more improvements can be"
3,top_p,0.2,0.0,-0.5515132546424866,
3,top_p,0.5,0.0,-0.5515132546424866,
3,top_p,0.8,0.0,-0.5515132546424866,
3,top_p,1.0,0.0,-0.5515132546424866,
3,top_p,1.2,0.0,-0.5515132546424866,
4,greedy,1.0,0.0,-0.5515132546424866,
4,beam,1.0,0.9090909090909091,-1.9335312843322754,"How did you handle it, and what did you learn from it?"
4,top_k,0.2,0.0,-0.5515132546424866,
4,top_k,0.5,1.0,-3.4142210483551025,How did you navigate it?
4,top_k,0.8,0.9574468085106383,-1.7805620431900024,"When a family member or friend makes a difficult decision, it's essential to remain calm and empathetic, but also set clear boundaries and expectations for the situation. It's not about being selfish or insensitive, but about being clear about what you need from them or the situation.

Here's"
4,top_k,1.0,0.0,-0.5515132546424866,
4,top_k,1.2,1.0,-4.677046775817871,"Imagine you were walking through a market in Spain, and you stumbled upon a small flower shop tucked away on a hilltop. As you looked around cautiously, you noticed a woman with white lace flowers in her shop, which must be extremely rare. But the best thing for you to do was"
4,top_p,0.2,0.8478260869565217,-0.5656248331069946,"What were the stakes, and what were the consequences? How did you weigh your options, and what were the potential outcomes?

It's also essential to consider the emotional impact of the decision. What were the emotions you felt during the decision-making process? Were you feeling anxious, stressed,"
4,top_p,0.5,1.0,-3.4584717750549316,What was it like?
4,top_p,0.8,0.0,-0.5515132546424866,
4,top_p,1.0,0.9375,-3.6888091564178467,"What were the circumstances? What did you do? What did you learn? How did it affect your relationship with your partner? What are some common signs that a difficult decision was made?

Remember, it's okay to have to make a difficult choice, and it doesn't mean the other person"
4,top_p,1.2,0.9791666666666666,-3.259215831756592,"What were your choices, and what did you learn from the experience?

It's also important to acknowledge that ultimately, the answer is not as clear as you might hope. The choice may have been a deliberate decision, but ultimately, the fate of the planet depends on an untimely twist"
5,greedy,1.0,1.0,2.3361501693725586,The answer is: 3
5,beam,1.0,1.0,-1.5781419277191162,"In Python, you can use a list comprehension to solve this problem:

```python
def find_odd_numbers(numbers):
    return [num for num in numbers if num % 2 != 0]

numbers = [1, 2, 3,"
5,top_k,0.2,1.0,-3.123086452484131,"To find the odd one out, we can start by listing the numbers from 1 to 100: 1, 3, 5, 7, 9, 11, 13, 15, 17, 19,"
5,top_k,0.5,0.8947368421052632,-4.1302995681762695,"For example, consider the number 11. In this case, the two factors are 1 and 11, so we have a factor of 1 and a factor of 11. However, the number 11 is not divisible by 2 or 3,"
5,top_k,0.8,1.0,-4.070672035217285,"This should be true for all positive integers, as we are essentially testing all integers that are multiples of 3 or 5.
28. What is the remainder when 3^2005 is divided by 7?"
5,top_k,1.0,1.0,-4.507171630859375,"In general, you can check for a negative integer, zero, or an odd number using either of two checks. For example:

```python
def check_odd(num):
    if num < 0:
        return ""negative numbers""
    elif num == 0:"
5,top_k,1.2,1.0,-4.0698957443237305,"The phrase ""as the days passed"" means it gradually stopped being used among all peoples, and replaced the word ""now"". If you want to emphasize that the number has been used in a way different from just ""it"", you could say instead: ""for a short while""."
5,top_p,0.2,0.7666666666666667,-4.143439769744873,"For example, if you have the numbers 1, 2, 3, 4, 5, and 6, the numbers 1, 2, 3, 4, 5, and 6 are the odd ones.

The function should return"
5,top_p,0.5,1.0,-0.9938280582427979,"This is a classic problem that can be solved using the following approach:

- First, arrange the numbers in ascending order: 1, 2, 3, 4, 5.
- Then, find the pair of numbers that add up to 7."
5,top_p,0.8,1.0,0.027613308280706406,I'm using Python 3.5.
5,top_p,1.0,0.7317073170731707,-2.8032772541046143,"For example, consider the following two sentences:

* Sentence A: ""Having a degree in psychology, the person who studied English will have skills in linguistics.""
* Sentence B: ""Having a degree in psychology, the person who studied linguistics, has skills in linguistics."""
5,top_p,1.2,1.0,-4.03267240524292,"The first 8 digits are 000, the second is 0000 and the last is 1000."
6,greedy,1.0,1.0,-2.587993860244751,":

1/4 = 1/2 * 1/2 = 1/4

This is because the denominator is multiplied by the numerator, resulting in a fraction that is equal to the original fraction."
6,beam,1.0,0.391304347826087,-4.588863372802734,":

1/4 = 1/2 * 1/4 = 1/4 * 1/2 = 1/2 * 1/4 = 1/4 * 1/2 = 1/2 * 1/4 = 1/4"
6,top_k,0.2,0.9090909090909091,-1.7649439573287964,":

3/4 = 1/4 * 3/4 = 3/16

The answer is: 3/16"
6,top_k,0.5,0.8846153846153846,-5.119726657867432,":

Fraction 1/4 = (1/4) * 4/4 = 1/4 * 4/4 = 1/16

However, if we consider the fraction 1/4 as the decimal representation of 1/4, then"
6,top_k,0.8,0.8888888888888888,-4.549800872802734,":

Step 1: Begin by dividing the numerator by the denominator, which gives us 1/4.

Step 2: Multiply the numerator and denominator by the corresponding integers, which gives us 1 x 4 = 4.

Step 3: Add"
6,top_k,1.0,1.0,-3.8750197887420654,":

There are 32 marbles in a vat of marbles. What is each fraction of those marbles?"
6,top_k,1.2,1.0,-2.085188150405884,99 50.
6,top_p,0.2,0.8888888888888888,-2.9264273643493652,":

1/4 = 1/2 + 1/4

To solve this, we first add the fractions:

1/2 + 1/4 = 5/4

Now, we subtract the original fraction:

5/4 - 1/4"
6,top_p,0.5,0.9047619047619048,-4.406998634338379,":

(3/4) * (5/4) = (1/4) * (5/4) = 1/24

This fraction is equivalent to 1/4 because it is equal to 1/24."
6,top_p,0.8,1.0,-2.8722667694091797,".

A: 4 / 16 = 1/4.

Explanation:"
6,top_p,1.0,1.0,-2.6349761486053467,".
1/4 â‰¡ 5/12

The value of x is 4/5."
6,top_p,1.2,0.8461538461538461,-4.507530212402344,":
(3/4) + (2/4) + (1/4) + (3/4)
Since (3/4) + (2/4) + (1/4) is the difference between the two fractions, if the number of 4's in"
7,greedy,1.0,0.0,-0.5515132546424866,
7,beam,1.0,0.9615384615384616,-1.3641560077667236,"Your response should contain at least 3 sentences. Highlight at least 2 sections in your answer with markdown, i.e. *highlighted section*. Include a postscript starting with ""P.S."""
7,top_k,0.2,0.0,-0.5515132546424866,
7,top_k,0.5,0.0,-0.5515132546424866,
7,top_k,0.8,0.0,-0.5515132546424866,
7,top_k,1.0,0.0,-0.5515132546424866,
7,top_k,1.2,0.0,-0.5515132546424866,
7,top_p,0.2,0.0,-0.5515132546424866,
7,top_p,0.5,0.0,-0.5515132546424866,
7,top_p,0.8,0.98,-3.7781782150268555,"Example: ""As she sat at the kitchen table, Emily's eyes locked onto the menu in her mind, the same one that had been waiting for her for weeks. The menu was long and detailed, but it seemed to have been crafted by a team of experts who knew the recipes inside"
7,top_p,1.0,0.0,-0.5515132546424866,
7,top_p,1.2,1.0,2.3916001319885254,"The story should be in the first person from the protagonist's point of view and should explore themes of growth, loss, and redemption. Use character motivations and emotional arcs to weave your narrative."
8,greedy,1.0,0.88,-1.9488122463226318,"using OpenGL.

```python
import pygame

# Set up the pygame library
pygame.init()

# Set up the screen size
screen_width, screen_height = 800, 600
screen = pygame.display.set_mode"
8,beam,1.0,1.0,-2.367006540298462,"using OpenGL.

Here's an example of how you can use OpenGL to render a house:

```cpp
#include <GL/glew.h>
#include <GLFW/glfw3.h>
#include <iostream>
#"
8,top_k,0.2,0.75,-3.7895281314849854,"using Python's `matplotlib` library. The model should have a `width` attribute and a `height` attribute. The `width` attribute should be a list of integers representing the length of the house's sides, and the `height` attribute should be a list of integers representing the length of"
8,top_k,0.5,1.0,-3.571192741394043,"using the [HTML] and [CSS] elements.

```html
<html>
 <head>
 <title>House</title>
 </head>
 <body>
 </body>
</html>
```

This code defines a HTML document with the following"
8,top_k,0.8,0.9655172413793104,-3.2189574241638184,"using OpenGL.

```python
import os
import sys
import numpy as np
import cv2
import heapq
import time

def render_house_scene(height, width):
    # Reshape the image
    height, width = Height, width
    image"
8,top_k,1.0,1.0,-3.995283603668213,"const { Scene } from './scene-scene';
export default class Main extends React.Component {
  state = {
    height: 100,
  };

  render() {
    return (
      <div>
        <div className=""header"">
        {/*"
8,top_k,1.2,1.0,-5.185666084289551,"and then render the model back in a 2D rendering context as a simple window viewable element.

For example:

```javascript
<div id=""favdoor""></div>

const frontDirPage = document.getElementById('fav"
8,top_p,0.2,1.0,-3.3918259143829346,"using the `pygame.transform.scale()` function.

```python
import pygame

def render_house():
    pygame.init()
    screen = pygame.display.set_mode((640, 480))
    pygame.display.set_caption(""House"
8,top_p,0.5,0.9459459459459459,-2.891709566116333,"using Python. The function should take a list of points as input and return a list of 3D points.

Here's an example of how you can implement this function:

```python
import numpy as np

def render_house_points(points):
    points ="
8,top_p,0.8,0.925,-0.9936463832855225,"using a library like OpenGL or DirectX.
2. Use the `glClear()` function to clear the screen buffer.
3. Draw a house using a struct with attributes.
4. Use the `draw()` function to render the house.
5. Handle any errors or exceptions"
8,top_p,1.0,1.0,-4.108019828796387,", such as a house with its front door and four bedrooms, using the OpenGL API and the MaterialKit framework.
- Example code: `glUniform2f(glGetUniformLocation(glCurrentTexture(), 0), 0.0f);`
- Key"
8,top_p,1.2,1.0,-0.19066305458545685,"in 2D using OpenGL and handle events such as mouse clicks, keyboard input, and button clicks."
9,greedy,1.0,0.6428571428571429,0.7262673377990723,":
The new policy has been met with widespread criticism from employees.

Corrected: The new policy has been met with widespread criticism from employees.

Is the sentence grammatically correct?"
9,beam,1.0,0.56,0.017871249467134476,":
The new employee was very nervous on his first day of work.

Corrected: The new employee was very nervous on his first day of work."
9,top_k,0.2,0.7307692307692307,-1.7702440023422241,".

The sentence is: ""The new employee was very nervous on his first day of work, but he was very nervous on his first day of work."""
9,top_k,0.5,0.6363636363636364,2.1758460998535156,":
The new policy has been met with widespread criticism.

The corrected sentence is:
The new policy has been met with widespread criticism."
9,top_k,0.8,0.9090909090909091,-3.255537986755371,":

""The new policy has been widely criticized for its effectiveness. However, the policy has been largely successful for the past few years."""
9,top_k,1.0,0.9743589743589743,-2.4677014350891113,":
The new policy will be implemented by the executive committee on January 11th.
I changed ""will be implemented"" to ""will be implemented."" In your language, this uses the correct verb form and also has a smoother flow of expression."
9,top_k,1.2,0.0,-1.2732985019683838,?
9,top_p,0.2,0.6,0.8326783180236816,":
The new employee, who was hired last week, was very nervous on his first day of work.

Corrected: The new employee, who was hired last week, was very nervous on his first day of work.

Is the sentence grammatically correct?"
9,top_p,0.5,0.5869565217391305,-1.3890100717544556,":
The new policy has been met with widespread criticism from the public, who have expressed their dissatisfaction with the changes.

Corrected:
The new policy has been met with widespread criticism from the public, who have expressed their dissatisfaction with the changes.

Explanation: The original sentence has"
9,top_p,0.8,0.6666666666666666,-0.8448830246925354,":
The original sentence is: ""I would like to see what happens if we try to increase the amount of money that is spent on the new program.""

Here is the corrected sentence:
I would like to see what happens if we try to increase the amount of money that is spent"
9,top_p,1.0,0.9444444444444444,-1.896008014678955,":
The new policy is intended to promote economic growth, but it is also intended to increase economic competitiveness."
9,top_p,1.2,0.0,-0.9703065156936646,.
